mechanism,eps,macro_f1,macro_f1_std,model
gaussian_analytic,0.05,0.26014,0.13354,seq2seq
gaussian_analytic,0.1,0.51332,0.05573,seq2seq
gaussian_analytic,0.15,0.63773,0.03433,seq2seq
gaussian_analytic,0.175,0.63105,0.00522,seq2seq
gaussian_analytic,0.2,0.67289,0.01941,seq2seq
gaussian_analytic,0.225,0.68627,0.01263,seq2seq
gaussian_analytic,0.25,0.69572,0.02481,seq2seq
gaussian_analytic,0.3,0.71843,0.05672,seq2seq
gaussian_analytic,0.35,0.73044,0.05242,seq2seq
gaussian_analytic,0.4,0.74754,0.0338,seq2seq
gaussian_analytic,0.5,0.75361,0.02925,seq2seq
gaussian_analytic,0.75,0.81873,0.03906,seq2seq
gaussian_analytic,1.0,0.85002,0.02492,seq2seq
gaussian_analytic,1.5,0.90492,0.05848,seq2seq
gaussian_analytic,2.0,0.92307,0.00161,seq2seq
gaussian_analytic,4.0,0.95957,0.01179,seq2seq
gaussian_analytic,8.0,0.96236,0.02838,seq2seq
gaussian_analytic,20.0,0.9511,0.01611,seq2seq
laplace,0.05,0.54487,0.10585,seq2seq
laplace,0.1,0.70118,0.02994,seq2seq
laplace,0.15,0.75929,0.05426,seq2seq
laplace,0.175,0.74861,0.02146,seq2seq
laplace,0.2,0.74349,0.03413,seq2seq
laplace,0.225,0.77006,0.03786,seq2seq
laplace,0.25,0.79694,0.02861,seq2seq
laplace,0.3,0.81982,0.03124,seq2seq
laplace,0.35,0.84409,0.02679,seq2seq
laplace,0.4,0.8453,0.03213,seq2seq
laplace,0.5,0.87757,0.02088,seq2seq
laplace,0.75,0.9285,0.01783,seq2seq
laplace,1.0,0.9358,0.03135,seq2seq
laplace,1.5,0.96948,0.0057,seq2seq
laplace,2.0,0.94906,0.01166,seq2seq
laplace,4.0,0.96858,0.01186,seq2seq
laplace,8.0,0.95332,0.02136,seq2seq
laplace,20.0,0.96529,0.00906,seq2seq
laplace_bounded,0.05,0.53603,0.13867,seq2seq
laplace_bounded,0.1,0.67525,0.04592,seq2seq
laplace_bounded,0.15,0.73915,0.02733,seq2seq
laplace_bounded,0.175,0.71061,0.01989,seq2seq
laplace_bounded,0.2,0.76273,0.02058,seq2seq
laplace_bounded,0.225,0.7855,0.00843,seq2seq
laplace_bounded,0.25,0.79583,0.02522,seq2seq
laplace_bounded,0.3,0.81817,0.0229,seq2seq
laplace_bounded,0.35,0.82929,0.03187,seq2seq
laplace_bounded,0.4,0.85795,0.04099,seq2seq
laplace_bounded,0.5,0.86275,0.02776,seq2seq
laplace_bounded,0.75,0.90836,0.03322,seq2seq
laplace_bounded,1.0,0.96075,0.00759,seq2seq
laplace_bounded,1.5,0.96366,0.00896,seq2seq
laplace_bounded,2.0,0.96048,0.00718,seq2seq
laplace_bounded,4.0,0.96552,0.0066,seq2seq
laplace_bounded,8.0,0.94795,0.01522,seq2seq
laplace_bounded,20.0,0.95582,0.00676,seq2seq
gaussian_analytic,0.05,0.05716,0.02549,random_forest
gaussian_analytic,0.1,0.11431,0.08398,random_forest
gaussian_analytic,0.15,0.04976,0.01461,random_forest
gaussian_analytic,0.175,0.10911,0.09524,random_forest
gaussian_analytic,0.2,0.07035,0.00599,random_forest
gaussian_analytic,0.225,0.05786,0.03149,random_forest
gaussian_analytic,0.25,0.11788,0.09741,random_forest
gaussian_analytic,0.35,0.15664,0.06656,random_forest
gaussian_analytic,0.4,0.11948,0.01382,random_forest
gaussian_analytic,0.5,0.15664,0.02434,random_forest
gaussian_analytic,0.75,0.27065,0.02423,random_forest
gaussian_analytic,1.0,0.2742,0.01546,random_forest
gaussian_analytic,1.5,0.27557,0.01375,random_forest
gaussian_analytic,2.0,0.26822,0.01235,random_forest
gaussian_analytic,4.0,0.2692,0.01531,random_forest
gaussian_analytic,8.0,0.2666,0.01313,random_forest
gaussian_analytic,20.0,0.35859,0.01379,random_forest
gaussian_analytic,50.0,0.57928,0.01988,random_forest
gaussian_analytic,100.0,0.64723,0.00167,random_forest
laplace,0.05,0.11929,0.08489,random_forest
laplace,0.1,0.06832,0.0169,random_forest
laplace,0.15,0.09802,0.03392,random_forest
laplace,0.175,0.1086,0.02714,random_forest
laplace,0.2,0.1598,0.04159,random_forest
laplace,0.225,0.13712,0.02512,random_forest
laplace,0.25,0.18609,0.04275,random_forest
laplace,0.35,0.20101,0.05582,random_forest
laplace,0.4,0.276,0.01685,random_forest
laplace,0.5,0.28418,0.03362,random_forest
laplace,0.75,0.289,0.01317,random_forest
laplace,1.0,0.3067,0.02974,random_forest
laplace,1.5,0.29864,0.02074,random_forest
laplace,2.0,0.30593,0.03963,random_forest
laplace,4.0,0.41462,0.04458,random_forest
laplace,8.0,0.59206,0.0145,random_forest
laplace,20.0,0.64667,0.00034,random_forest
laplace,50.0,0.6376,0.00236,random_forest
laplace,100.0,0.63469,0.00126,random_forest
laplace_bounded,0.05,0.04464,0.00859,random_forest
laplace_bounded,0.1,0.06641,0.0184,random_forest
laplace_bounded,0.15,0.08327,0.0153,random_forest
laplace_bounded,0.175,0.10509,0.01291,random_forest
laplace_bounded,0.2,0.10786,0.00945,random_forest
laplace_bounded,0.225,0.12368,0.04548,random_forest
laplace_bounded,0.25,0.19501,0.07746,random_forest
laplace_bounded,0.35,0.25979,0.0039,random_forest
laplace_bounded,0.4,0.24875,0.01322,random_forest
laplace_bounded,0.5,0.28974,0.01819,random_forest
laplace_bounded,0.75,0.29893,0.03414,random_forest
laplace_bounded,1.0,0.32497,0.03473,random_forest
laplace_bounded,1.5,0.29479,0.03139,random_forest
laplace_bounded,2.0,0.29812,0.01585,random_forest
laplace_bounded,4.0,0.37092,0.02375,random_forest
laplace_bounded,8.0,0.59111,0.01375,random_forest
laplace_bounded,20.0,0.64348,0.00209,random_forest
laplace_bounded,50.0,0.63741,0.00277,random_forest
laplace_bounded,100.0,0.63689,0.00162,random_forest
